	mutations	K514	E516	A529	D532	N534	N616	avg_dG	n_mutations
0	N515I	-1.1125840393773152	-1.127167564733762					-1.1198758020555386	2
1	V530L			-1.718466010485647				-1.718466010485647	1
2	Q533H				-2.100778157199433	-1.6926989992453751		-1.8967385782224042	2
3	Q615R						-1.8370541494508588	-1.8370541494508588	1
