	mutations	E49	I21	S17	A11_x	A11_y	K104	N85	T87	E143	avg_dG	n_mutations
0	T2I	-2.51281427961624									-2.51281427961624	1
1	Q25R Q25H		-2.7978803085096								-2.7978803085096	1
2	T35I			-2.0988727182542646							-2.0988727182542646	1
3	S89L				-1.551919040849174						-1.551919040849174	1
4	D92Y D92V					-1.891843573719903					-1.891843573719903	1
5	V109I V109L						-1.0713439901538555				-1.0713439901538555	1
6	S122P S122F							-1.489245829184702			-1.489245829184702	1
7	T124I								-1.2760759025812611		-1.2760759025812611	1
8	T127I									-1.229010800207966	-1.229010800207966	1
