	mutations	T2	L56	S17	I36	D92	E98_x	E98_y	D69	D119_x	E162	D119_y	N26	D154	D47	E49	K170	avg_dG	n_mutations
0	Y4C	2.114679689003274																2.114679689003274	1
1	V7A V7G		1.6019468613378711															1.6019468613378711	1
2	T35A			1.634905366429874														1.634905366429874	1
3	Y64S Y64D Y64H Y64N				2.826224997131937													2.826224997131937	1
4	K88E					1.5490132112795008												1.5490132112795008	1
5	H94P						1.1938978215199345											1.1938978215199345	1
6	R97I							1.8805812660813843										1.8805812660813843	1
7	V103A								1.2309727298635884									1.2309727298635884	1
8	L120S									3.034780245218524								3.034780245218524	1
9	P140S										1.2432771904616813							1.2432771904616813	1
10	K147N K147E K147T											1.3345095496739503						1.3345095496739503	1
11	R149G												1.3606587157368075					1.3606587157368075	1
12	R151S R151T													1.5067231277479995				1.5067231277479995	1
13	R161G R161Q														1.7385207883897644			1.7385207883897644	1
14	R164Q															-1.2114933995416095		-1.2114933995416095	1
15	Y166H																1.228909346045688	1.228909346045688	1
