	mutations	T93	avg_dG	n_mutations
10	V98A	1.6252858015124123	1.6252858015124123	1
