	mutations	K175	D90	E102	A120	H112	E171	K52	N222	V253	A282	H308	H312	avg_dG	n_mutations
18	R27G R27P R27Q	3.673826940085418												3.673826940085418	1
63	L85V		2.399495665983674											2.399495665983674	1
72	R100L R100P R100Q			1.5599710184885551										1.5599710184885551	1
88	D121G				2.6973186631276063									2.6973186631276063	1
110	Y157S Y157H					2.8278418448615725								2.8278418448615725	1
118	N168S						2.832381904555487							2.832381904555487	1
135	Q197E							3.332622504628389						3.332622504628389	1
154	R226L R226Q								3.4195162858115657					3.4195162858115657	1
168	Y251C									1.8672644211483809				1.8672644211483809	1
191	Y283C Y283S Y283D										1.3896689488854943			1.3896689488854943	1
213	P309S											3.700334044216614		3.700334044216614	1
214	T310A											1.0930526006124213	1.085721603972859	1.08938710229264	2
16	N527S	3.1086777105132444															3.1086777105132444	1
17	F530L F530S		2.3518605390805423														2.3518605390805423	1
41	Y566H Y566C			1.2676276829695654													1.2676276829695654	1
58	W597L W597C				1.2271570616504788												1.2271570616504788	1
59	T598A					1.508154863278828											1.508154863278828	1
64	K604E						1.6709886815948551										1.6709886815948551	1
102	T662S							1.5171811659656258									1.5171811659656258	1
105	W666S								1.8197630902080235								1.8197630902080235	1
109	E671A E671G									1.0417014054905045							1.0417014054905045	1
123	Q689E										-1.6996316350553506						-1.6996316350553506	1
124	Y690S Y690C											2.98588877570184					2.98588877570184	1
133	W712L W712S W712C												2.0461479641749563				2.0461479641749563	1
135	W714S W714R W714C													1.15688874021393	2.00286263473688		1.579875687475405	2
138	H718P		1.9450114811607409														1.9450114811607409	1
151	L743H															3.2778853907022105	3.2778853907022105	1
