	mutations	D12	K175	I68	E89	D90	K84	N168	H315	H308	H312	E313	avg_dG	n_mutations
10	T14I	-1.4341766672945586											-1.4341766672945586	1
21	R27W		-1.4415222246761523										-1.4415222246761523	1
58	V76I V76L			-1.0800881315253752									-1.0800881315253752	1
64	S87C S87F				-1.557930710010882	-1.4646372955792988							-1.5112840027950902	2
68	T96I						-1.0524713436049018						-1.0524713436049018	1
115	S170T S170N							-1.1411595446008531					-1.1411595446008531	1
195	V307M								-1.748506570478338				-1.748506570478338	1
196	P309L									-1.6844363492749763			-1.6844363492749763	1
197	T310K T310R									-1.7428421122406503	-1.7808583774728706		-1.7618502448567606	2
198	H312R H312Y									-1.768254929202893		-1.8380772329065225	-1.8031660810547079	2
3	S505N S505R	-1.4603032989109803	-1.9303035082777684													-1.6953034035943744	2
5	S508N S508I S508R			-1.2686671646519077												-1.2686671646519077	1
6	L509F			-1.5749978128167947	-1.347541686153272											-1.4612697494850333	2
16	R522W					-1.0780125554612865										-1.0780125554612865	1
51	P581L						-1.0406769552727162									-1.0406769552727162	1
57	L590F							-1.164115893609649								-1.164115893609649	1
63	T598R								-3.972370696163872							-3.972370696163872	1
89	L641F									-1.2612449101964631						-1.2612449101964631	1
97	I655F										-1.6893094679016325					-1.6893094679016325	1
105	E671K E671Q											-2.0633398055438845				-2.0633398055438845	1
115	Q689K Q689R										-3.099875217328558					-3.099875217328558	1
127	S707P												-3.9375983293683614			-3.9375983293683614	1
140	P731H													-1.031467258466843		-1.031467258466843	1
148	P747R														-2.3367094869558134	-2.3367094869558134	1
