	mutations	E9	E15	H39	K55	K32	E42	M107	E93	E234_x	E234_y	A249	A257	D270	avg_dG	n_mutations
0	R18S	2.12005614452595													2.12005614452595	1
1	R34C		1.4630413765699506	1.6122774856448563											1.5376594311074034	2
2	L53P				2.448766360003636										2.448766360003636	1
3	Y94C					1.2452331785843904	1.4093690652888011								1.3273011219365958	2
4	Y103H							3.5671321923211905							3.5671321923211905	1
5	K162N								2.03084739583726						2.03084739583726	1
6	M194V									2.442640124914036					2.442640124914036	1
7	R230C										2.608186251108289				2.608186251108289	1
8	P250S											2.5952818105271795			2.5952818105271795	1
9	M267T												2.1297080657319496		2.1297080657319496	1
10	H274N													3.2318755643468413	3.2318755643468413	1
