	mutations	A68	avg_dG	n_mutations
23	T69I	-1.493245519298121	-1.493245519298121	1
