	mutations	A26	E134	N87	D123	N149	avg_dG	n_mutations
0	P4L	-1.2069230959772848					-1.2069230959772848	1
1	S21F		-2.990087369500994				-2.990087369500994	1
2	V29I			-1.3517713817625283			-1.3517713817625283	1
3	H92Y				-1.248011947152191		-1.248011947152191	1
4	S147F					-3.8573304680249696	-3.8573304680249696	1
