	mutations	S61	avg_dG	n_mutations
6	V91I	-2.1233701435883856	-2.1233701435883856	1
