	mutations	L53	A77	K140	E112	P250	A249	avg_dG	n_mutations
0	S56Y	-2.5352684145640985						-2.5352684145640985	1
1	E93Q		-1.4158035100890594					-1.4158035100890594	1
2	S184F			-2.092507802429024				-2.092507802429024	1
3	S248L				-1.7903832959558912	-1.8423874504832096		-1.8163853732195503	2
4	P250L						-1.5656905264435927	-1.5656905264435927	1
12	V883L	-2.2038604123116845	-2.2038604123116845	1
