	mutations	S309	avg_dG	n_mutations
12	T313I	-2.941689239909375	-2.941689239909375	1
