	mutations	A61	avg_dG	n_mutations
39	S62P S62Y S62F	-1.10643208641701	-1.10643208641701	1
