	mutations	H58	A60	avg_dG	n_mutations
30	P59S P59A	1.396820767179781	1.015064748312728	1.2059427577462545	2
