	mutations	E34	Q163	avg_dG	n_mutations
0	R37C	3.832511744076064	3.534256085832404	3.6833839149542342	2
