	mutations	D236	N260	E287	E296	avg_dG	n_mutations
0	R241M	1.1785678186613462				1.1785678186613462	1
1	R261H R261C		1.2990352597728492			1.2990352597728492	1
2	K291E			1.48822956027105		1.48822956027105	1
3	R295C				1.3564266800308105	1.3564266800308105	1
